구분,페이지,정렬순서,스펙코드,스펙명,간단설명,PDF링크,이미지링크,사용여부,비고
ES,1,1,ES91409-00 ,열수축 일반 방수용 접착 튜브,열수축튜브 규격,https://works.do/5JJWWt1,,Y,
ES,1,1,,,,,,,
ES,1,1,,,,,,,
ES,1,1,,,,,,,
GM,1,1,,,,,,,
GM,1,1,,,,,,,
MS,1,1,,,,,,,
RENAULT,1,1,,,,,,,
APTIV,1,1,,,,,,,
,,,,,,,,,
,,,,,,,,,
,,,,,,,,,
,,,,,,,,,
,,,,,,,,,
,,,,,,,,,
,,,,,,,,,
,,,,,,,,,
,,,,,,,,,
,,,,,,,,,
,,,,,,,,,
,,,,,,,,,
,,,,,,,,,
,,,,,,,,,
,,,,,,,,,
,,,,,,,,,
,,,,,,,,,
,,,,,,,,,
,,,,,,,,,
,,,,,,,,,
,,,,,,,,,
,,,,,,,,,
,,,,,,,,,
